<msdyn_plan msdyn_planid="6fb242cc-0d4b-f011-8779-6045bd0a2104">
  <iscustomizable>1</iscustomizable>
  <msdyn_content mimetype="application/octet-stream">Idea%20Management%20App</msdyn_content>
  <msdyn_contentschemaversion>1.1</msdyn_contentschemaversion>
  <msdyn_description>This solution will allow employees to submit, manage, and track ideas, while managers can review and approve them, ensuring efficient idea management.</msdyn_description>
  <msdyn_languagecode>1033</msdyn_languagecode>
  <msdyn_name>Idea Management App</msdyn_name>
  <msdyn_prompt>I need an app</msdyn_prompt>
  <statecode>0</statecode>
  <statuscode>1</statuscode>
</msdyn_plan>