<msdyn_dataworkspace msdyn_dataworkspaceid="77b242cc-0d4b-f011-8779-6045bd0a2104">
  <iscustomizable>1</iscustomizable>
  <msdyn_content mimetype="application/octet-stream">Idea%20Management%20App</msdyn_content>
  <msdyn_contentschemaversion>1.0</msdyn_contentschemaversion>
  <msdyn_description>Data workspace for - Idea Management App</msdyn_description>
  <msdyn_name>Data workspace (Idea Management App)</msdyn_name>
  <statecode>0</statecode>
  <statuscode>1</statuscode>
</msdyn_dataworkspace>